[
  {
    "model": "flights.airport",
    "pk": 1,
    "fields": { "code": "PEK", "name": "北京首都国际机场", "city": "北京" }
  },
  {
    "model": "flights.airport",
    "pk": 2,
    "fields": { "code": "SHA", "name": "上海虹桥国际机场", "city": "上海" }
  },
  {
    "model": "flights.airport",
    "pk": 3,
    "fields": { "code": "PVG", "name": "上海浦东国际机场", "city": "上海" }
  },
  {
    "model": "flights.airport",
    "pk": 4,
    "fields": { "code": "CAN", "name": "广州白云国际机场", "city": "广州" }
  },
  {
    "model": "flights.airport",
    "pk": 5,
    "fields": { "code": "SZX", "name": "深圳宝安国际机场", "city": "深圳" }
  },
  {
    "model": "flights.airport",
    "pk": 6,
    "fields": { "code": "CTU", "name": "成都天府国际机场", "city": "成都" }
  },
  {
    "model": "flights.airport",
    "pk": 7,
    "fields": { "code": "PKX", "name": "北京大兴国际机场", "city": "北京" }
  },
  {
    "model": "flights.flight",
    "pk": "a0000000-0000-0000-0000-000000000001",
    "fields": {
      "flight_no": "CA1234",
      "airline": "中国国航",
      "departure_airport": 1,
      "arrival_airport": 2,
      "departure_time": "2026-07-01T08:00:00+08:00",
      "arrival_time": "2026-07-01T10:30:00+08:00",
      "aircraft_type": "Boeing 737",
      "is_direct": true,
      "stop_info": null
    }
  },
  {
    "model": "flights.flight",
    "pk": "a0000000-0000-0000-0000-000000000002",
    "fields": {
      "flight_no": "CA5678",
      "airline": "中国国航",
      "departure_airport": 2,
      "arrival_airport": 1,
      "departure_time": "2026-07-01T14:00:00+08:00",
      "arrival_time": "2026-07-01T16:30:00+08:00",
      "aircraft_type": "Airbus A320",
      "is_direct": true,
      "stop_info": null
    }
  },
  {
    "model": "flights.flight",
    "pk": "a0000000-0000-0000-0000-000000000003",
    "fields": {
      "flight_no": "MU2345",
      "airline": "东方航空",
      "departure_airport": 1,
      "arrival_airport": 4,
      "departure_time": "2026-07-01T09:00:00+08:00",
      "arrival_time": "2026-07-01T12:30:00+08:00",
      "aircraft_type": "Boeing 787",
      "is_direct": true,
      "stop_info": null
    }
  },
  {
    "model": "flights.flight",
    "pk": "a0000000-0000-0000-0000-000000000004",
    "fields": {
      "flight_no": "MU3456",
      "airline": "东方航空",
      "departure_airport": 4,
      "arrival_airport": 1,
      "departure_time": "2026-07-01T15:00:00+08:00",
      "arrival_time": "2026-07-01T18:30:00+08:00",
      "aircraft_type": "Airbus A330",
      "is_direct": true,
      "stop_info": null
    }
  },
  {
    "model": "flights.flight",
    "pk": "a0000000-0000-0000-0000-000000000005",
    "fields": {
      "flight_no": "CZ6789",
      "airline": "南方航空",
      "departure_airport": 3,
      "arrival_airport": 6,
      "departure_time": "2026-07-01T07:30:00+08:00",
      "arrival_time": "2026-07-01T11:00:00+08:00",
      "aircraft_type": "Boeing 737",
      "is_direct": true,
      "stop_info": null
    }
  },
  {
    "model": "flights.flight",
    "pk": "a0000000-0000-0000-0000-000000000006",
    "fields": {
      "flight_no": "CZ7890",
      "airline": "南方航空",
      "departure_airport": 6,
      "arrival_airport": 3,
      "departure_time": "2026-07-01T13:00:00+08:00",
      "arrival_time": "2026-07-01T16:30:00+08:00",
      "aircraft_type": "Airbus A320",
      "is_direct": true,
      "stop_info": null
    }
  },
  {
    "model": "flights.flight",
    "pk": "a0000000-0000-0000-0000-000000000007",
    "fields": {
      "flight_no": "CA1111",
      "airline": "中国国航",
      "departure_airport": 1,
      "arrival_airport": 5,
      "departure_time": "2026-07-01T10:00:00+08:00",
      "arrival_time": "2026-07-01T13:30:00+08:00",
      "aircraft_type": "Boeing 777",
      "is_direct": false,
      "stop_info": [{ "airport": "CAN", "duration": 60 }]
    }
  },
  {
    "model": "flights.flight",
    "pk": "a0000000-0000-0000-0000-000000000008",
    "fields": {
      "flight_no": "MU2222",
      "airline": "东方航空",
      "departure_airport": 2,
      "arrival_airport": 6,
      "departure_time": "2026-07-01T11:00:00+08:00",
      "arrival_time": "2026-07-01T14:30:00+08:00",
      "aircraft_type": "Airbus A350",
      "is_direct": true,
      "stop_info": null
    }
  },
  {
    "model": "flights.flight",
    "pk": "a0000000-0000-0000-0000-000000000009",
    "fields": {
      "flight_no": "CZ3333",
      "airline": "南方航空",
      "departure_airport": 4,
      "arrival_airport": 5,
      "departure_time": "2026-07-01T16:00:00+08:00",
      "arrival_time": "2026-07-01T17:30:00+08:00",
      "aircraft_type": "Boeing 737",
      "is_direct": true,
      "stop_info": null
    }
  },
  {
    "model": "flights.flight",
    "pk": "a0000000-0000-0000-0000-000000000010",
    "fields": {
      "flight_no": "CA4444",
      "airline": "中国国航",
      "departure_airport": 6,
      "arrival_airport": 1,
      "departure_time": "2026-07-01T08:30:00+08:00",
      "arrival_time": "2026-07-01T11:30:00+08:00",
      "aircraft_type": "Airbus A330",
      "is_direct": true,
      "stop_info": null
    }
  },
  {
    "model": "flights.flight",
    "pk": "a0000000-0000-0000-0000-000000000011",
    "fields": {
      "flight_no": "CA1501",
      "airline": "中国国航",
      "departure_airport": 1,
      "arrival_airport": 2,
      "departure_time": "2026-07-01T07:00:00+08:00",
      "arrival_time": "2026-07-01T09:25:00+08:00",
      "aircraft_type": "Boeing 737",
      "is_direct": true,
      "stop_info": null
    }
  },
  {
    "model": "flights.flight",
    "pk": "a0000000-0000-0000-0000-000000000012",
    "fields": {
      "flight_no": "CA1834",
      "airline": "中国国航",
      "departure_airport": 1,
      "arrival_airport": 3,
      "departure_time": "2026-07-01T09:30:00+08:00",
      "arrival_time": "2026-07-01T12:00:00+08:00",
      "aircraft_type": "Airbus A330",
      "is_direct": true,
      "stop_info": null
    }
  },
  {
    "model": "flights.flight",
    "pk": "a0000000-0000-0000-0000-000000000013",
    "fields": {
      "flight_no": "MU5102",
      "airline": "东方航空",
      "departure_airport": 1,
      "arrival_airport": 2,
      "departure_time": "2026-07-01T11:00:00+08:00",
      "arrival_time": "2026-07-01T13:20:00+08:00",
      "aircraft_type": "Airbus A320",
      "is_direct": true,
      "stop_info": null
    }
  },
  {
    "model": "flights.flight",
    "pk": "a0000000-0000-0000-0000-000000000014",
    "fields": {
      "flight_no": "MU5370",
      "airline": "东方航空",
      "departure_airport": 1,
      "arrival_airport": 3,
      "departure_time": "2026-07-01T14:00:00+08:00",
      "arrival_time": "2026-07-01T16:30:00+08:00",
      "aircraft_type": "Boeing 787",
      "is_direct": true,
      "stop_info": null
    }
  },
  {
    "model": "flights.flight",
    "pk": "a0000000-0000-0000-0000-000000000015",
    "fields": {
      "flight_no": "CZ3902",
      "airline": "南方航空",
      "departure_airport": 7,
      "arrival_airport": 2,
      "departure_time": "2026-07-01T08:00:00+08:00",
      "arrival_time": "2026-07-01T10:20:00+08:00",
      "aircraft_type": "Boeing 737",
      "is_direct": true,
      "stop_info": null
    }
  },
  {
    "model": "flights.flight",
    "pk": "a0000000-0000-0000-0000-000000000016",
    "fields": {
      "flight_no": "CZ6908",
      "airline": "南方航空",
      "departure_airport": 7,
      "arrival_airport": 3,
      "departure_time": "2026-07-01T13:00:00+08:00",
      "arrival_time": "2026-07-01T15:30:00+08:00",
      "aircraft_type": "Airbus A320",
      "is_direct": true,
      "stop_info": null
    }
  },
  {
    "model": "flights.flight",
    "pk": "a0000000-0000-0000-0000-000000000017",
    "fields": {
      "flight_no": "CA8601",
      "airline": "中国国航",
      "departure_airport": 7,
      "arrival_airport": 2,
      "departure_time": "2026-07-01T16:00:00+08:00",
      "arrival_time": "2026-07-01T18:20:00+08:00",
      "aircraft_type": "Airbus A350",
      "is_direct": true,
      "stop_info": null
    }
  },
  {
    "model": "flights.flight",
    "pk": "a0000000-0000-0000-0000-000000000018",
    "fields": {
      "flight_no": "MU5622",
      "airline": "东方航空",
      "departure_airport": 7,
      "arrival_airport": 3,
      "departure_time": "2026-07-01T18:30:00+08:00",
      "arrival_time": "2026-07-01T21:00:00+08:00",
      "aircraft_type": "Boeing 777",
      "is_direct": true,
      "stop_info": null
    }
  },
  {
    "model": "flights.flight",
    "pk": "a0000000-0000-0000-0000-000000000019",
    "fields": {
      "flight_no": "CA1103",
      "airline": "中国国航",
      "departure_airport": 1,
      "arrival_airport": 2,
      "departure_time": "2026-07-01T06:30:00+08:00",
      "arrival_time": "2026-07-01T10:30:00+08:00",
      "aircraft_type": "Boeing 737",
      "is_direct": false,
      "stop_info": [{ "airport": "CAN", "duration": 60 }]
    }
  },
  {
    "model": "flights.flight",
    "pk": "a0000000-0000-0000-0000-000000000020",
    "fields": {
      "flight_no": "MU2615",
      "airline": "东方航空",
      "departure_airport": 1,
      "arrival_airport": 3,
      "departure_time": "2026-07-01T10:00:00+08:00",
      "arrival_time": "2026-07-01T14:30:00+08:00",
      "aircraft_type": "Airbus A320",
      "is_direct": false,
      "stop_info": [{ "airport": "CTU", "duration": 50 }]
    }
  },
  {
    "model": "flights.flight",
    "pk": "a0000000-0000-0000-0000-000000000021",
    "fields": {
      "flight_no": "CZ3156",
      "airline": "南方航空",
      "departure_airport": 7,
      "arrival_airport": 2,
      "departure_time": "2026-07-01T07:00:00+08:00",
      "arrival_time": "2026-07-01T11:00:00+08:00",
      "aircraft_type": "Boeing 737",
      "is_direct": false,
      "stop_info": [{ "airport": "CAN", "duration": 55 }]
    }
  },
  {
    "model": "flights.flight",
    "pk": "a0000000-0000-0000-0000-000000000022",
    "fields": {
      "flight_no": "HU7602",
      "airline": "海南航空",
      "departure_airport": 7,
      "arrival_airport": 3,
      "departure_time": "2026-07-01T12:00:00+08:00",
      "arrival_time": "2026-07-01T16:30:00+08:00",
      "aircraft_type": "Airbus A330",
      "is_direct": false,
      "stop_info": [{ "airport": "SZX", "duration": 45 }]
    }
  },
  {
    "model": "flights.cabinclass",
    "pk": "b0000000-0000-0000-0000-000000000001",
    "fields": {
      "flight": "a0000000-0000-0000-0000-000000000001",
      "class_type": "ECONOMY",
      "base_price": "800.00",
      "tax": "50.00",
      "fuel_surcharge": "30.00",
      "total_seats": 150,
      "available_seats": 150,
      "baggage_allowance": "20KG",
      "refund_rules": [
        { "hours_before": 48, "fee_rate": "0.05" },
        { "hours_before": 24, "fee_rate": "0.10" },
        { "hours_before": 2, "fee_rate": "0.30" }
      ],
      "reschedule_rules": [
        { "hours_before": 48, "fee_rate": "0.05" },
        { "hours_before": 24, "fee_rate": "0.10" }
      ]
    }
  },
  {
    "model": "flights.cabinclass",
    "pk": "b0000000-0000-0000-0000-000000000002",
    "fields": {
      "flight": "a0000000-0000-0000-0000-000000000001",
      "class_type": "BUSINESS",
      "base_price": "2400.00",
      "tax": "100.00",
      "fuel_surcharge": "60.00",
      "total_seats": 30,
      "available_seats": 30,
      "baggage_allowance": "30KG",
      "refund_rules": [
        { "hours_before": 48, "fee_rate": "0.03" },
        { "hours_before": 24, "fee_rate": "0.08" }
      ],
      "reschedule_rules": [
        { "hours_before": 48, "fee_rate": "0.03" },
        { "hours_before": 24, "fee_rate": "0.08" }
      ]
    }
  },
  {
    "model": "flights.cabinclass",
    "pk": "b0000000-0000-0000-0000-000000000003",
    "fields": {
      "flight": "a0000000-0000-0000-0000-000000000002",
      "class_type": "ECONOMY",
      "base_price": "820.00",
      "tax": "50.00",
      "fuel_surcharge": "30.00",
      "total_seats": 150,
      "available_seats": 150,
      "baggage_allowance": "20KG",
      "refund_rules": [
        { "hours_before": 48, "fee_rate": "0.05" },
        { "hours_before": 24, "fee_rate": "0.10" }
      ],
      "reschedule_rules": [
        { "hours_before": 48, "fee_rate": "0.05" },
        { "hours_before": 24, "fee_rate": "0.10" }
      ]
    }
  },
  {
    "model": "flights.cabinclass",
    "pk": "b0000000-0000-0000-0000-000000000004",
    "fields": {
      "flight": "a0000000-0000-0000-0000-000000000003",
      "class_type": "ECONOMY",
      "base_price": "1200.00",
      "tax": "80.00",
      "fuel_surcharge": "50.00",
      "total_seats": 180,
      "available_seats": 180,
      "baggage_allowance": "20KG",
      "refund_rules": [
        { "hours_before": 72, "fee_rate": "0.03" },
        { "hours_before": 24, "fee_rate": "0.10" },
        { "hours_before": 4, "fee_rate": "0.30" }
      ],
      "reschedule_rules": [
        { "hours_before": 72, "fee_rate": "0.03" },
        { "hours_before": 24, "fee_rate": "0.10" }
      ]
    }
  },
  {
    "model": "flights.cabinclass",
    "pk": "b0000000-0000-0000-0000-000000000005",
    "fields": {
      "flight": "a0000000-0000-0000-0000-000000000003",
      "class_type": "BUSINESS",
      "base_price": "3600.00",
      "tax": "150.00",
      "fuel_surcharge": "80.00",
      "total_seats": 20,
      "available_seats": 20,
      "baggage_allowance": "30KG",
      "refund_rules": [
        { "hours_before": 72, "fee_rate": "0.02" },
        { "hours_before": 24, "fee_rate": "0.08" }
      ],
      "reschedule_rules": [
        { "hours_before": 72, "fee_rate": "0.02" },
        { "hours_before": 24, "fee_rate": "0.08" }
      ]
    }
  },
  {
    "model": "flights.cabinclass",
    "pk": "b0000000-0000-0000-0000-000000000006",
    "fields": {
      "flight": "a0000000-0000-0000-0000-000000000004",
      "class_type": "ECONOMY",
      "base_price": "1250.00",
      "tax": "80.00",
      "fuel_surcharge": "50.00",
      "total_seats": 180,
      "available_seats": 180,
      "baggage_allowance": "20KG",
      "refund_rules": [
        { "hours_before": 48, "fee_rate": "0.05" },
        { "hours_before": 24, "fee_rate": "0.10" }
      ],
      "reschedule_rules": [
        { "hours_before": 48, "fee_rate": "0.05" },
        { "hours_before": 24, "fee_rate": "0.10" }
      ]
    }
  },
  {
    "model": "flights.cabinclass",
    "pk": "b0000000-0000-0000-0000-000000000007",
    "fields": {
      "flight": "a0000000-0000-0000-0000-000000000005",
      "class_type": "ECONOMY",
      "base_price": "1100.00",
      "tax": "70.00",
      "fuel_surcharge": "40.00",
      "total_seats": 160,
      "available_seats": 160,
      "baggage_allowance": "20KG",
      "refund_rules": [
        { "hours_before": 48, "fee_rate": "0.05" },
        { "hours_before": 24, "fee_rate": "0.10" },
        { "hours_before": 4, "fee_rate": "0.25" }
      ],
      "reschedule_rules": [
        { "hours_before": 48, "fee_rate": "0.05" },
        { "hours_before": 24, "fee_rate": "0.10" }
      ]
    }
  },
  {
    "model": "flights.cabinclass",
    "pk": "b0000000-0000-0000-0000-000000000008",
    "fields": {
      "flight": "a0000000-0000-0000-0000-000000000005",
      "class_type": "FIRST",
      "base_price": "5000.00",
      "tax": "200.00",
      "fuel_surcharge": "100.00",
      "total_seats": 8,
      "available_seats": 8,
      "baggage_allowance": "40KG",
      "refund_rules": [
        { "hours_before": 72, "fee_rate": "0.02" },
        { "hours_before": 24, "fee_rate": "0.05" }
      ],
      "reschedule_rules": [
        { "hours_before": 72, "fee_rate": "0.02" },
        { "hours_before": 24, "fee_rate": "0.05" }
      ]
    }
  },
  {
    "model": "flights.cabinclass",
    "pk": "b0000000-0000-0000-0000-000000000009",
    "fields": {
      "flight": "a0000000-0000-0000-0000-000000000006",
      "class_type": "ECONOMY",
      "base_price": "1150.00",
      "tax": "70.00",
      "fuel_surcharge": "40.00",
      "total_seats": 160,
      "available_seats": 160,
      "baggage_allowance": "20KG",
      "refund_rules": [
        { "hours_before": 48, "fee_rate": "0.05" },
        { "hours_before": 24, "fee_rate": "0.10" }
      ],
      "reschedule_rules": [
        { "hours_before": 48, "fee_rate": "0.05" },
        { "hours_before": 24, "fee_rate": "0.10" }
      ]
    }
  },
  {
    "model": "flights.cabinclass",
    "pk": "b0000000-0000-0000-0000-000000000010",
    "fields": {
      "flight": "a0000000-0000-0000-0000-000000000007",
      "class_type": "ECONOMY",
      "base_price": "1000.00",
      "tax": "60.00",
      "fuel_surcharge": "40.00",
      "total_seats": 150,
      "available_seats": 150,
      "baggage_allowance": "20KG",
      "refund_rules": [
        { "hours_before": 48, "fee_rate": "0.05" },
        { "hours_before": 24, "fee_rate": "0.12" }
      ],
      "reschedule_rules": [
        { "hours_before": 48, "fee_rate": "0.05" },
        { "hours_before": 24, "fee_rate": "0.12" }
      ]
    }
  },
  {
    "model": "flights.cabinclass",
    "pk": "b0000000-0000-0000-0000-000000000011",
    "fields": {
      "flight": "a0000000-0000-0000-0000-000000000008",
      "class_type": "ECONOMY",
      "base_price": "1300.00",
      "tax": "80.00",
      "fuel_surcharge": "50.00",
      "total_seats": 170,
      "available_seats": 170,
      "baggage_allowance": "20KG",
      "refund_rules": [
        { "hours_before": 48, "fee_rate": "0.05" },
        { "hours_before": 24, "fee_rate": "0.10" }
      ],
      "reschedule_rules": [
        { "hours_before": 48, "fee_rate": "0.05" },
        { "hours_before": 24, "fee_rate": "0.10" }
      ]
    }
  },
  {
    "model": "flights.cabinclass",
    "pk": "b0000000-0000-0000-0000-000000000012",
    "fields": {
      "flight": "a0000000-0000-0000-0000-000000000009",
      "class_type": "ECONOMY",
      "base_price": "500.00",
      "tax": "30.00",
      "fuel_surcharge": "20.00",
      "total_seats": 120,
      "available_seats": 120,
      "baggage_allowance": "20KG",
      "refund_rules": [
        { "hours_before": 48, "fee_rate": "0.05" },
        { "hours_before": 24, "fee_rate": "0.10" }
      ],
      "reschedule_rules": [
        { "hours_before": 48, "fee_rate": "0.05" },
        { "hours_before": 24, "fee_rate": "0.10" }
      ]
    }
  },
  {
    "model": "flights.cabinclass",
    "pk": "b0000000-0000-0000-0000-000000000013",
    "fields": {
      "flight": "a0000000-0000-0000-0000-000000000010",
      "class_type": "ECONOMY",
      "base_price": "1350.00",
      "tax": "80.00",
      "fuel_surcharge": "50.00",
      "total_seats": 180,
      "available_seats": 180,
      "baggage_allowance": "20KG",
      "refund_rules": [
        { "hours_before": 48, "fee_rate": "0.05" },
        { "hours_before": 24, "fee_rate": "0.10" }
      ],
      "reschedule_rules": [
        { "hours_before": 48, "fee_rate": "0.05" },
        { "hours_before": 24, "fee_rate": "0.10" }
      ]
    }
  },
  {
    "model": "flights.cabinclass",
    "pk": "b0000000-0000-0000-0000-000000000014",
    "fields": {
      "flight": "a0000000-0000-0000-0000-000000000010",
      "class_type": "BUSINESS",
      "base_price": "3800.00",
      "tax": "150.00",
      "fuel_surcharge": "80.00",
      "total_seats": 20,
      "available_seats": 20,
      "baggage_allowance": "30KG",
      "refund_rules": [
        { "hours_before": 72, "fee_rate": "0.02" },
        { "hours_before": 24, "fee_rate": "0.08" }
      ],
      "reschedule_rules": [
        { "hours_before": 72, "fee_rate": "0.02" },
        { "hours_before": 24, "fee_rate": "0.08" }
      ]
    }
  },
  {
    "model": "flights.cabinclass",
    "pk": "b0000000-0000-0000-0000-000000000015",
    "fields": {
      "flight": "a0000000-0000-0000-0000-000000000011",
      "class_type": "ECONOMY",
      "base_price": "780.00",
      "tax": "50.00",
      "fuel_surcharge": "30.00",
      "total_seats": 150,
      "available_seats": 150,
      "baggage_allowance": "20KG",
      "refund_rules": [
        { "hours_before": 48, "fee_rate": "0.05" },
        { "hours_before": 24, "fee_rate": "0.10" }
      ],
      "reschedule_rules": [
        { "hours_before": 48, "fee_rate": "0.05" },
        { "hours_before": 24, "fee_rate": "0.10" }
      ]
    }
  },
  {
    "model": "flights.cabinclass",
    "pk": "b0000000-0000-0000-0000-000000000016",
    "fields": {
      "flight": "a0000000-0000-0000-0000-000000000011",
      "class_type": "BUSINESS",
      "base_price": "2340.00",
      "tax": "100.00",
      "fuel_surcharge": "60.00",
      "total_seats": 30,
      "available_seats": 30,
      "baggage_allowance": "30KG",
      "refund_rules": [
        { "hours_before": 48, "fee_rate": "0.03" },
        { "hours_before": 24, "fee_rate": "0.08" }
      ],
      "reschedule_rules": [
        { "hours_before": 48, "fee_rate": "0.03" },
        { "hours_before": 24, "fee_rate": "0.08" }
      ]
    }
  },
  {
    "model": "flights.cabinclass",
    "pk": "b0000000-0000-0000-0000-000000000017",
    "fields": {
      "flight": "a0000000-0000-0000-0000-000000000012",
      "class_type": "ECONOMY",
      "base_price": "830.00",
      "tax": "50.00",
      "fuel_surcharge": "30.00",
      "total_seats": 160,
      "available_seats": 160,
      "baggage_allowance": "20KG",
      "refund_rules": [
        { "hours_before": 48, "fee_rate": "0.05" },
        { "hours_before": 24, "fee_rate": "0.10" }
      ],
      "reschedule_rules": [
        { "hours_before": 48, "fee_rate": "0.05" },
        { "hours_before": 24, "fee_rate": "0.10" }
      ]
    }
  },
  {
    "model": "flights.cabinclass",
    "pk": "b0000000-0000-0000-0000-000000000018",
    "fields": {
      "flight": "a0000000-0000-0000-0000-000000000012",
      "class_type": "BUSINESS",
      "base_price": "2490.00",
      "tax": "100.00",
      "fuel_surcharge": "60.00",
      "total_seats": 24,
      "available_seats": 24,
      "baggage_allowance": "30KG",
      "refund_rules": [
        { "hours_before": 48, "fee_rate": "0.03" },
        { "hours_before": 24, "fee_rate": "0.08" }
      ],
      "reschedule_rules": [
        { "hours_before": 48, "fee_rate": "0.03" },
        { "hours_before": 24, "fee_rate": "0.08" }
      ]
    }
  },
  {
    "model": "flights.cabinclass",
    "pk": "b0000000-0000-0000-0000-000000000019",
    "fields": {
      "flight": "a0000000-0000-0000-0000-000000000013",
      "class_type": "ECONOMY",
      "base_price": "750.00",
      "tax": "50.00",
      "fuel_surcharge": "30.00",
      "total_seats": 150,
      "available_seats": 150,
      "baggage_allowance": "20KG",
      "refund_rules": [
        { "hours_before": 48, "fee_rate": "0.05" },
        { "hours_before": 24, "fee_rate": "0.10" }
      ],
      "reschedule_rules": [
        { "hours_before": 48, "fee_rate": "0.05" },
        { "hours_before": 24, "fee_rate": "0.10" }
      ]
    }
  },
  {
    "model": "flights.cabinclass",
    "pk": "b0000000-0000-0000-0000-000000000020",
    "fields": {
      "flight": "a0000000-0000-0000-0000-000000000013",
      "class_type": "BUSINESS",
      "base_price": "2250.00",
      "tax": "100.00",
      "fuel_surcharge": "60.00",
      "total_seats": 28,
      "available_seats": 28,
      "baggage_allowance": "30KG",
      "refund_rules": [
        { "hours_before": 48, "fee_rate": "0.03" },
        { "hours_before": 24, "fee_rate": "0.08" }
      ],
      "reschedule_rules": [
        { "hours_before": 48, "fee_rate": "0.03" },
        { "hours_before": 24, "fee_rate": "0.08" }
      ]
    }
  },
  {
    "model": "flights.cabinclass",
    "pk": "b0000000-0000-0000-0000-000000000021",
    "fields": {
      "flight": "a0000000-0000-0000-0000-000000000014",
      "class_type": "ECONOMY",
      "base_price": "880.00",
      "tax": "50.00",
      "fuel_surcharge": "30.00",
      "total_seats": 160,
      "available_seats": 160,
      "baggage_allowance": "20KG",
      "refund_rules": [
        { "hours_before": 48, "fee_rate": "0.05" },
        { "hours_before": 24, "fee_rate": "0.10" }
      ],
      "reschedule_rules": [
        { "hours_before": 48, "fee_rate": "0.05" },
        { "hours_before": 24, "fee_rate": "0.10" }
      ]
    }
  },
  {
    "model": "flights.cabinclass",
    "pk": "b0000000-0000-0000-0000-000000000022",
    "fields": {
      "flight": "a0000000-0000-0000-0000-000000000014",
      "class_type": "BUSINESS",
      "base_price": "2640.00",
      "tax": "100.00",
      "fuel_surcharge": "60.00",
      "total_seats": 24,
      "available_seats": 24,
      "baggage_allowance": "30KG",
      "refund_rules": [
        { "hours_before": 48, "fee_rate": "0.03" },
        { "hours_before": 24, "fee_rate": "0.08" }
      ],
      "reschedule_rules": [
        { "hours_before": 48, "fee_rate": "0.03" },
        { "hours_before": 24, "fee_rate": "0.08" }
      ]
    }
  },
  {
    "model": "flights.cabinclass",
    "pk": "b0000000-0000-0000-0000-000000000023",
    "fields": {
      "flight": "a0000000-0000-0000-0000-000000000015",
      "class_type": "ECONOMY",
      "base_price": "720.00",
      "tax": "50.00",
      "fuel_surcharge": "30.00",
      "total_seats": 150,
      "available_seats": 150,
      "baggage_allowance": "20KG",
      "refund_rules": [
        { "hours_before": 48, "fee_rate": "0.05" },
        { "hours_before": 24, "fee_rate": "0.10" }
      ],
      "reschedule_rules": [
        { "hours_before": 48, "fee_rate": "0.05" },
        { "hours_before": 24, "fee_rate": "0.10" }
      ]
    }
  },
  {
    "model": "flights.cabinclass",
    "pk": "b0000000-0000-0000-0000-000000000024",
    "fields": {
      "flight": "a0000000-0000-0000-0000-000000000015",
      "class_type": "BUSINESS",
      "base_price": "2160.00",
      "tax": "100.00",
      "fuel_surcharge": "60.00",
      "total_seats": 30,
      "available_seats": 30,
      "baggage_allowance": "30KG",
      "refund_rules": [
        { "hours_before": 48, "fee_rate": "0.03" },
        { "hours_before": 24, "fee_rate": "0.08" }
      ],
      "reschedule_rules": [
        { "hours_before": 48, "fee_rate": "0.03" },
        { "hours_before": 24, "fee_rate": "0.08" }
      ]
    }
  },
  {
    "model": "flights.cabinclass",
    "pk": "b0000000-0000-0000-0000-000000000025",
    "fields": {
      "flight": "a0000000-0000-0000-0000-000000000016",
      "class_type": "ECONOMY",
      "base_price": "850.00",
      "tax": "50.00",
      "fuel_surcharge": "30.00",
      "total_seats": 160,
      "available_seats": 160,
      "baggage_allowance": "20KG",
      "refund_rules": [
        { "hours_before": 48, "fee_rate": "0.05" },
        { "hours_before": 24, "fee_rate": "0.10" }
      ],
      "reschedule_rules": [
        { "hours_before": 48, "fee_rate": "0.05" },
        { "hours_before": 24, "fee_rate": "0.10" }
      ]
    }
  },
  {
    "model": "flights.cabinclass",
    "pk": "b0000000-0000-0000-0000-000000000026",
    "fields": {
      "flight": "a0000000-0000-0000-0000-000000000016",
      "class_type": "BUSINESS",
      "base_price": "2550.00",
      "tax": "100.00",
      "fuel_surcharge": "60.00",
      "total_seats": 24,
      "available_seats": 24,
      "baggage_allowance": "30KG",
      "refund_rules": [
        { "hours_before": 48, "fee_rate": "0.03" },
        { "hours_before": 24, "fee_rate": "0.08" }
      ],
      "reschedule_rules": [
        { "hours_before": 48, "fee_rate": "0.03" },
        { "hours_before": 24, "fee_rate": "0.08" }
      ]
    }
  },
  {
    "model": "flights.cabinclass",
    "pk": "b0000000-0000-0000-0000-000000000027",
    "fields": {
      "flight": "a0000000-0000-0000-0000-000000000017",
      "class_type": "ECONOMY",
      "base_price": "760.00",
      "tax": "50.00",
      "fuel_surcharge": "30.00",
      "total_seats": 140,
      "available_seats": 140,
      "baggage_allowance": "20KG",
      "refund_rules": [
        { "hours_before": 48, "fee_rate": "0.05" },
        { "hours_before": 24, "fee_rate": "0.10" }
      ],
      "reschedule_rules": [
        { "hours_before": 48, "fee_rate": "0.05" },
        { "hours_before": 24, "fee_rate": "0.10" }
      ]
    }
  },
  {
    "model": "flights.cabinclass",
    "pk": "b0000000-0000-0000-0000-000000000028",
    "fields": {
      "flight": "a0000000-0000-0000-0000-000000000017",
      "class_type": "FIRST",
      "base_price": "4500.00",
      "tax": "200.00",
      "fuel_surcharge": "100.00",
      "total_seats": 8,
      "available_seats": 8,
      "baggage_allowance": "40KG",
      "refund_rules": [
        { "hours_before": 72, "fee_rate": "0.02" },
        { "hours_before": 24, "fee_rate": "0.05" }
      ],
      "reschedule_rules": [
        { "hours_before": 72, "fee_rate": "0.02" },
        { "hours_before": 24, "fee_rate": "0.05" }
      ]
    }
  },
  {
    "model": "flights.cabinclass",
    "pk": "b0000000-0000-0000-0000-000000000029",
    "fields": {
      "flight": "a0000000-0000-0000-0000-000000000018",
      "class_type": "ECONOMY",
      "base_price": "900.00",
      "tax": "50.00",
      "fuel_surcharge": "30.00",
      "total_seats": 170,
      "available_seats": 170,
      "baggage_allowance": "20KG",
      "refund_rules": [
        { "hours_before": 48, "fee_rate": "0.05" },
        { "hours_before": 24, "fee_rate": "0.10" }
      ],
      "reschedule_rules": [
        { "hours_before": 48, "fee_rate": "0.05" },
        { "hours_before": 24, "fee_rate": "0.10" }
      ]
    }
  },
  {
    "model": "flights.cabinclass",
    "pk": "b0000000-0000-0000-0000-000000000030",
    "fields": {
      "flight": "a0000000-0000-0000-0000-000000000018",
      "class_type": "BUSINESS",
      "base_price": "2700.00",
      "tax": "100.00",
      "fuel_surcharge": "60.00",
      "total_seats": 28,
      "available_seats": 28,
      "baggage_allowance": "30KG",
      "refund_rules": [
        { "hours_before": 48, "fee_rate": "0.03" },
        { "hours_before": 24, "fee_rate": "0.08" }
      ],
      "reschedule_rules": [
        { "hours_before": 48, "fee_rate": "0.03" },
        { "hours_before": 24, "fee_rate": "0.08" }
      ]
    }
  },
  {
    "model": "flights.cabinclass",
    "pk": "b0000000-0000-0000-0000-000000000031",
    "fields": {
      "flight": "a0000000-0000-0000-0000-000000000019",
      "class_type": "ECONOMY",
      "base_price": "650.00",
      "tax": "50.00",
      "fuel_surcharge": "30.00",
      "total_seats": 150,
      "available_seats": 150,
      "baggage_allowance": "20KG",
      "refund_rules": [
        { "hours_before": 48, "fee_rate": "0.05" },
        { "hours_before": 24, "fee_rate": "0.12" }
      ],
      "reschedule_rules": [
        { "hours_before": 48, "fee_rate": "0.05" },
        { "hours_before": 24, "fee_rate": "0.12" }
      ]
    }
  },
  {
    "model": "flights.cabinclass",
    "pk": "b0000000-0000-0000-0000-000000000032",
    "fields": {
      "flight": "a0000000-0000-0000-0000-000000000019",
      "class_type": "BUSINESS",
      "base_price": "1950.00",
      "tax": "100.00",
      "fuel_surcharge": "60.00",
      "total_seats": 20,
      "available_seats": 20,
      "baggage_allowance": "30KG",
      "refund_rules": [
        { "hours_before": 48, "fee_rate": "0.03" },
        { "hours_before": 24, "fee_rate": "0.08" }
      ],
      "reschedule_rules": [
        { "hours_before": 48, "fee_rate": "0.03" },
        { "hours_before": 24, "fee_rate": "0.08" }
      ]
    }
  },
  {
    "model": "flights.cabinclass",
    "pk": "b0000000-0000-0000-0000-000000000033",
    "fields": {
      "flight": "a0000000-0000-0000-0000-000000000020",
      "class_type": "ECONOMY",
      "base_price": "700.00",
      "tax": "50.00",
      "fuel_surcharge": "30.00",
      "total_seats": 150,
      "available_seats": 150,
      "baggage_allowance": "20KG",
      "refund_rules": [
        { "hours_before": 48, "fee_rate": "0.05" },
        { "hours_before": 24, "fee_rate": "0.12" }
      ],
      "reschedule_rules": [
        { "hours_before": 48, "fee_rate": "0.05" },
        { "hours_before": 24, "fee_rate": "0.12" }
      ]
    }
  },
  {
    "model": "flights.cabinclass",
    "pk": "b0000000-0000-0000-0000-000000000034",
    "fields": {
      "flight": "a0000000-0000-0000-0000-000000000020",
      "class_type": "BUSINESS",
      "base_price": "2100.00",
      "tax": "100.00",
      "fuel_surcharge": "60.00",
      "total_seats": 20,
      "available_seats": 20,
      "baggage_allowance": "30KG",
      "refund_rules": [
        { "hours_before": 48, "fee_rate": "0.03" },
        { "hours_before": 24, "fee_rate": "0.08" }
      ],
      "reschedule_rules": [
        { "hours_before": 48, "fee_rate": "0.03" },
        { "hours_before": 24, "fee_rate": "0.08" }
      ]
    }
  },
  {
    "model": "flights.cabinclass",
    "pk": "b0000000-0000-0000-0000-000000000035",
    "fields": {
      "flight": "a0000000-0000-0000-0000-000000000021",
      "class_type": "ECONOMY",
      "base_price": "620.00",
      "tax": "50.00",
      "fuel_surcharge": "30.00",
      "total_seats": 150,
      "available_seats": 150,
      "baggage_allowance": "20KG",
      "refund_rules": [
        { "hours_before": 48, "fee_rate": "0.05" },
        { "hours_before": 24, "fee_rate": "0.12" }
      ],
      "reschedule_rules": [
        { "hours_before": 48, "fee_rate": "0.05" },
        { "hours_before": 24, "fee_rate": "0.12" }
      ]
    }
  },
  {
    "model": "flights.cabinclass",
    "pk": "b0000000-0000-0000-0000-000000000036",
    "fields": {
      "flight": "a0000000-0000-0000-0000-000000000021",
      "class_type": "BUSINESS",
      "base_price": "1860.00",
      "tax": "100.00",
      "fuel_surcharge": "60.00",
      "total_seats": 20,
      "available_seats": 20,
      "baggage_allowance": "30KG",
      "refund_rules": [
        { "hours_before": 48, "fee_rate": "0.03" },
        { "hours_before": 24, "fee_rate": "0.08" }
      ],
      "reschedule_rules": [
        { "hours_before": 48, "fee_rate": "0.03" },
        { "hours_before": 24, "fee_rate": "0.08" }
      ]
    }
  },
  {
    "model": "flights.cabinclass",
    "pk": "b0000000-0000-0000-0000-000000000037",
    "fields": {
      "flight": "a0000000-0000-0000-0000-000000000022",
      "class_type": "ECONOMY",
      "base_price": "680.00",
      "tax": "50.00",
      "fuel_surcharge": "30.00",
      "total_seats": 150,
      "available_seats": 150,
      "baggage_allowance": "20KG",
      "refund_rules": [
        { "hours_before": 48, "fee_rate": "0.05" },
        { "hours_before": 24, "fee_rate": "0.12" }
      ],
      "reschedule_rules": [
        { "hours_before": 48, "fee_rate": "0.05" },
        { "hours_before": 24, "fee_rate": "0.12" }
      ]
    }
  },
  {
    "model": "flights.cabinclass",
    "pk": "b0000000-0000-0000-0000-000000000038",
    "fields": {
      "flight": "a0000000-0000-0000-0000-000000000022",
      "class_type": "FIRST",
      "base_price": "4000.00",
      "tax": "200.00",
      "fuel_surcharge": "100.00",
      "total_seats": 8,
      "available_seats": 8,
      "baggage_allowance": "40KG",
      "refund_rules": [
        { "hours_before": 72, "fee_rate": "0.02" },
        { "hours_before": 24, "fee_rate": "0.05" }
      ],
      "reschedule_rules": [
        { "hours_before": 72, "fee_rate": "0.02" },
        { "hours_before": 24, "fee_rate": "0.05" }
      ]
    }
  }
]
